[
    {
      "countryNo": "1",
      "countryCode": "ABW",
      "countryName": "Aruba"
    },
    {
      "countryNo": "2",
      "countryCode": "AFG",
      "countryName": "Afghanistan"
    },
    {
      "countryNo": "3",
      "countryCode": "AGO",
      "countryName": "Angola"
    },
    {
      "countryNo": "4",
      "countryCode": "AIA",
      "countryName": "Anguilla"
    },
    {
      "countryNo": "5",
      "countryCode": "ALB",
      "countryName": "Albania"
    },
    {
      "countryNo": "6",
      "countryCode": "AND",
      "countryName": "Andorra"
    },
    {
      "countryNo": "7",
      "countryCode": "ANT",
      "countryName": "Netherlands Antilles"
    },
    {
      "countryNo": "8",
      "countryCode": "ARE",
      "countryName": "United Arab Emirates"
    },
    {
      "countryNo": "9",
      "countryCode": "ARG",
      "countryName": "Argentina"
    },
    {
      "countryNo": "10",
      "countryCode": "ARM",
      "countryName": "Armenia"
    },
    {
      "countryNo": "11",
      "countryCode": "ASM",
      "countryName": "American Samoa"
    },
    {
      "countryNo": "12",
      "countryCode": "ATG",
      "countryName": "Antigua and Barbuda"
    },
    {
      "countryNo": "13",
      "countryCode": "AUS",
      "countryName": "Australia"
    },
    {
      "countryNo": "14",
      "countryCode": "AUT",
      "countryName": "Austria"
    },
    {
      "countryNo": "15",
      "countryCode": "AZE",
      "countryName": "Azerbaijan"
    },
    {
      "countryNo": "16",
      "countryCode": "BDI",
      "countryName": "Burundi"
    },
    {
      "countryNo": "17",
      "countryCode": "BEL",
      "countryName": "Belgium"
    },
    {
      "countryNo": "18",
      "countryCode": "BEN",
      "countryName": "Benin"
    },
    {
      "countryNo": "19",
      "countryCode": "BFA",
      "countryName": "Burkina Faso"
    },
    {
      "countryNo": "20",
      "countryCode": "BGD",
      "countryName": "Bangladesh"
    },
    {
      "countryNo": "21",
      "countryCode": "BGR",
      "countryName": "Bulgaria"
    },
    {
      "countryNo": "22",
      "countryCode": "BHR",
      "countryName": "Bahrain"
    },
    {
      "countryNo": "23",
      "countryCode": "BHS",
      "countryName": "Bahamas"
    },
    {
      "countryNo": "24",
      "countryCode": "BIH",
      "countryName": "Bosnia and Herzegovina"
    },
    {
      "countryNo": "25",
      "countryCode": "BLR",
      "countryName": "Belarus"
    },
    {
      "countryNo": "26",
      "countryCode": "BLZ",
      "countryName": "Belize"
    },
    {
      "countryNo": "27",
      "countryCode": "BMU",
      "countryName": "Bermuda"
    },
    {
      "countryNo": "28",
      "countryCode": "BOL",
      "countryName": "Bolivia, Plurinational State of"
    },
    {
      "countryNo": "29",
      "countryCode": "BRA",
      "countryName": "Brazil"
    },
    {
      "countryNo": "30",
      "countryCode": "BRB",
      "countryName": "Barbados"
    },
    {
      "countryNo": "31",
      "countryCode": "BRN",
      "countryName": "Brunei Darussalam"
    },
    {
      "countryNo": "32",
      "countryCode": "BTN",
      "countryName": "Bhutan"
    },
    {
      "countryNo": "33",
      "countryCode": "BWA",
      "countryName": "Botswana"
    },
    {
      "countryNo": "34",
      "countryCode": "CAF",
      "countryName": "Central African Republic"
    },
    {
      "countryNo": "35",
      "countryCode": "CAN",
      "countryName": "Canada"
    },
    {
      "countryNo": "36",
      "countryCode": "CHE",
      "countryName": "Switzerland"
    },
    {
      "countryNo": "37",
      "countryCode": "CHL",
      "countryName": "Chile"
    },
    {
      "countryNo": "38",
      "countryCode": "CHN",
      "countryName": "China"
    },
    {
      "countryNo": "39",
      "countryCode": "CIV",
      "countryName": "Côte d'Ivoire"
    },
    {
      "countryNo": "40",
      "countryCode": "CMR",
      "countryName": "Cameroon"
    },
    {
      "countryNo": "41",
      "countryCode": "COG",
      "countryName": "Congo"
    },
    {
      "countryNo": "42",
      "countryCode": "COL",
      "countryName": "Colombia"
    },
    {
      "countryNo": "43",
      "countryCode": "CPV",
      "countryName": "Cape Verde"
    },
    {
      "countryNo": "44",
      "countryCode": "CRI",
      "countryName": "Costa Rica"
    },
    {
      "countryNo": "45",
      "countryCode": "CUB",
      "countryName": "Cuba"
    },
    {
      "countryNo": "46",
      "countryCode": "CYM",
      "countryName": "Cayman Islands"
    },
    {
      "countryNo": "47",
      "countryCode": "CYP",
      "countryName": "Cyprus"
    },
    {
      "countryNo": "48",
      "countryCode": "CZE",
      "countryName": "Czechia"
    },
    {
      "countryNo": "49",
      "countryCode": "DEU",
      "countryName": "Germany"
    },
    {
      "countryNo": "50",
      "countryCode": "DJI",
      "countryName": "Djibouti"
    },
    {
      "countryNo": "51",
      "countryCode": "DMA",
      "countryName": "Dominica"
    },
    {
      "countryNo": "52",
      "countryCode": "DNK",
      "countryName": "Denmark"
    },
    {
      "countryNo": "53",
      "countryCode": "DOM",
      "countryName": "Dominican Republic"
    },
    {
      "countryNo": "54",
      "countryCode": "DZA",
      "countryName": "Algeria"
    },
    {
      "countryNo": "55",
      "countryCode": "ECU",
      "countryName": "Ecuador"
    },
    {
      "countryNo": "56",
      "countryCode": "EGY",
      "countryName": "Egypt"
    },
    {
      "countryNo": "57",
      "countryCode": "ERI",
      "countryName": "Eritrea"
    },
    {
      "countryNo": "58",
      "countryCode": "ESP",
      "countryName": "Spain"
    },
    {
      "countryNo": "59",
      "countryCode": "EST",
      "countryName": "Estonia"
    },
    {
      "countryNo": "60",
      "countryCode": "ETH",
      "countryName": "Ethiopia"
    },
    {
      "countryNo": "61",
      "countryCode": "FIN",
      "countryName": "Finland"
    },
    {
      "countryNo": "62",
      "countryCode": "FJI",
      "countryName": "Fiji"
    },
    {
      "countryNo": "63",
      "countryCode": "FRA",
      "countryName": "France"
    },
    {
      "countryNo": "64",
      "countryCode": "FRO",
      "countryName": "Faroe Islands"
    },
    {
      "countryNo": "65",
      "countryCode": "FSM",
      "countryName": "Micronesia, Federated States of"
    },
    {
      "countryNo": "66",
      "countryCode": "GAB",
      "countryName": "Gabon"
    },
    {
      "countryNo": "67",
      "countryCode": "GBR",
      "countryName": "United Kingdom"
    },
    {
      "countryNo": "68",
      "countryCode": "GEO",
      "countryName": "Georgia"
    },
    {
      "countryNo": "69",
      "countryCode": "GHA",
      "countryName": "Ghana"
    },
    {
      "countryNo": "70",
      "countryCode": "GIB",
      "countryName": "Gibraltar"
    },
    {
      "countryNo": "71",
      "countryCode": "GIN",
      "countryName": "Guinea"
    },
    {
      "countryNo": "72",
      "countryCode": "GLP",
      "countryName": "Guadeloupe"
    },
    {
      "countryNo": "73",
      "countryCode": "GMB",
      "countryName": "Gambia"
    },
    {
      "countryNo": "74",
      "countryCode": "GNB",
      "countryName": "Guinea-Bissau"
    },
    {
      "countryNo": "75",
      "countryCode": "GRC",
      "countryName": "Greece"
    },
    {
      "countryNo": "76",
      "countryCode": "GRD",
      "countryName": "Grenada"
    },
    {
      "countryNo": "77",
      "countryCode": "GRL",
      "countryName": "Greenland"
    },
    {
      "countryNo": "78",
      "countryCode": "GTM",
      "countryName": "Guatemala"
    },
    {
      "countryNo": "79",
      "countryCode": "GUF",
      "countryName": "French Guiana"
    },
    {
      "countryNo": "80",
      "countryCode": "GUM",
      "countryName": "Guam"
    },
    {
      "countryNo": "81",
      "countryCode": "GUY",
      "countryName": "Guyana"
    },
    {
      "countryNo": "82",
      "countryCode": "HKG",
      "countryName": "Hong Kong"
    },
    {
      "countryNo": "83",
      "countryCode": "HND",
      "countryName": "Honduras"
    },
    {
      "countryNo": "84",
      "countryCode": "HRV",
      "countryName": "Croatia"
    },
    {
      "countryNo": "85",
      "countryCode": "HTI",
      "countryName": "Haiti"
    },
    {
      "countryNo": "86",
      "countryCode": "HUN",
      "countryName": "Hungary"
    },
    {
      "countryNo": "87",
      "countryCode": "IDN",
      "countryName": "Indonesia"
    },
    {
      "countryNo": "88",
      "countryCode": "IND",
      "countryName": "India"
    },
    {
      "countryNo": "89",
      "countryCode": "IRL",
      "countryName": "Ireland"
    },
    {
      "countryNo": "90",
      "countryCode": "IRN",
      "countryName": "Iran, Islamic Republic of"
    },
    {
      "countryNo": "91",
      "countryCode": "IRQ",
      "countryName": "Iraq"
    },
    {
      "countryNo": "92",
      "countryCode": "ISL",
      "countryName": "Iceland"
    },
    {
      "countryNo": "93",
      "countryCode": "ISR",
      "countryName": "Israel"
    },
    {
      "countryNo": "94",
      "countryCode": "ITA",
      "countryName": "Italy"
    },
    {
      "countryNo": "95",
      "countryCode": "JAM",
      "countryName": "Jamaica"
    },
    {
      "countryNo": "96",
      "countryCode": "JOR",
      "countryName": "Jordan"
    },
    {
      "countryNo": "97",
      "countryCode": "JPN",
      "countryName": "Japan"
    },
    {
      "countryNo": "98",
      "countryCode": "KAZ",
      "countryName": "Kazakhstan"
    },
    {
      "countryNo": "99",
      "countryCode": "KEN",
      "countryName": "Kenya"
    },
    {
      "countryNo": "100",
      "countryCode": "KGZ",
      "countryName": "Kyrgyzstan"
    },
    {
      "countryNo": "101",
      "countryCode": "KHM",
      "countryName": "Cambodia"
    },
    {
      "countryNo": "102",
      "countryCode": "KIR",
      "countryName": "Kiribati"
    },
    {
      "countryNo": "103",
      "countryCode": "KNA",
      "countryName": "Saint Kitts and Nevis"
    },
    {
      "countryNo": "104",
      "countryCode": "KOR",
      "countryName": "Korea, Republic of"
    },
    {
      "countryNo": "105",
      "countryCode": "KWT",
      "countryName": "Kuwait"
    },
    {
      "countryNo": "106",
      "countryCode": "LAO",
      "countryName": "Lao People's Democratic Republic"
    },
    {
      "countryNo": "107",
      "countryCode": "LBN",
      "countryName": "Lebanon"
    },
    {
      "countryNo": "108",
      "countryCode": "LBR",
      "countryName": "Liberia"
    },
    {
      "countryNo": "109",
      "countryCode": "LBY",
      "countryName": "Libya"
    },
    {
      "countryNo": "110",
      "countryCode": "LCA",
      "countryName": "Saint Lucia"
    },
    {
      "countryNo": "111",
      "countryCode": "LIE",
      "countryName": "Liechtenstein"
    },
    {
      "countryNo": "112",
      "countryCode": "LKA",
      "countryName": "Sri Lanka"
    },
    {
      "countryNo": "113",
      "countryCode": "LSO",
      "countryName": "Lesotho"
    },
    {
      "countryNo": "114",
      "countryCode": "LTU",
      "countryName": "Lithuania"
    },
    {
      "countryNo": "115",
      "countryCode": "LUX",
      "countryName": "Luxembourg"
    },
    {
      "countryNo": "116",
      "countryCode": "LVA",
      "countryName": "Latvia"
    },
    {
      "countryNo": "117",
      "countryCode": "MAC",
      "countryName": "Macau"
    },
    {
      "countryNo": "118",
      "countryCode": "MAR",
      "countryName": "Morocco"
    },
    {
      "countryNo": "119",
      "countryCode": "MCO",
      "countryName": "Monaco"
    },
    {
      "countryNo": "120",
      "countryCode": "MDA",
      "countryName": "Moldova, Republic of"
    },
    {
      "countryNo": "121",
      "countryCode": "MDG",
      "countryName": "Madagascar"
    },
    {
      "countryNo": "122",
      "countryCode": "MDV",
      "countryName": "Maldives"
    },
    {
      "countryNo": "123",
      "countryCode": "MEX",
      "countryName": "Mexico"
    },
    {
      "countryNo": "124",
      "countryCode": "MHL",
      "countryName": "Marshall Islands"
    },
    {
      "countryNo": "125",
      "countryCode": "MKD",
      "countryName": "North Macedonia"
    },
    {
      "countryNo": "126",
      "countryCode": "MLI",
      "countryName": "Mali"
    },
    {
      "countryNo": "127",
      "countryCode": "MLT",
      "countryName": "Malta"
    },
    {
      "countryNo": "128",
      "countryCode": "MMR",
      "countryName": "Myanmar"
    },
    {
      "countryNo": "129",
      "countryCode": "MNE",
      "countryName": "Montenegro"
    },
    {
      "countryNo": "130",
      "countryCode": "MNG",
      "countryName": "Mongolia"
    },
    {
      "countryNo": "131",
      "countryCode": "MNP",
      "countryName": "Northern Mariana Islands"
    },
    {
      "countryNo": "132",
      "countryCode": "MOZ",
      "countryName": "Mozambique"
    },
    {
      "countryNo": "133",
      "countryCode": "MRT",
      "countryName": "Mauritania"
    },
    {
      "countryNo": "134",
      "countryCode": "MSR",
      "countryName": "Montserrat"
    },
    {
      "countryNo": "135",
      "countryCode": "MTQ",
      "countryName": "Martinique"
    },
    {
      "countryNo": "136",
      "countryCode": "MUS",
      "countryName": "Mauritius"
    },
    {
      "countryNo": "137",
      "countryCode": "MWI",
      "countryName": "Malawi"
    },
    {
      "countryNo": "138",
      "countryCode": "MYS",
      "countryName": "Malaysia"
    },
    {
      "countryNo": "139",
      "countryCode": "NAM",
      "countryName": "Namibia"
    },
    {
      "countryNo": "140",
      "countryCode": "NCL",
      "countryName": "New Caledonia"
    },
    {
      "countryNo": "141",
      "countryCode": "NER",
      "countryName": "Niger"
    },
    {
      "countryNo": "142",
      "countryCode": "NFK",
      "countryName": "Norfolk Island"
    },
    {
      "countryNo": "143",
      "countryCode": "NGA",
      "countryName": "Nigeria"
    },
    {
      "countryNo": "144",
      "countryCode": "NIC",
      "countryName": "Nicaragua"
    },
    {
      "countryNo": "145",
      "countryCode": "NLD",
      "countryName": "Netherlands"
    },
    {
      "countryNo": "146",
      "countryCode": "NOR",
      "countryName": "Norway"
    },
    {
      "countryNo": "147",
      "countryCode": "NPL",
      "countryName": "Nepal"
    },
    {
      "countryNo": "148",
      "countryCode": "NZL",
      "countryName": "New Zealand"
    },
    {
      "countryNo": "149",
      "countryCode": "OMN",
      "countryName": "Oman"
    },
    {
      "countryNo": "150",
      "countryCode": "PAK",
      "countryName": "Pakistan"
    },
    {
      "countryNo": "151",
      "countryCode": "PAN",
      "countryName": "Panama"
    },
    {
      "countryNo": "152",
      "countryCode": "PER",
      "countryName": "Peru"
    },
    {
      "countryNo": "153",
      "countryCode": "PHL",
      "countryName": "Philippines"
    },
    {
      "countryNo": "154",
      "countryCode": "PLW",
      "countryName": "Palau"
    },
    {
      "countryNo": "155",
      "countryCode": "PNG",
      "countryName": "Papua New Guinea"
    },
    {
      "countryNo": "156",
      "countryCode": "POL",
      "countryName": "Poland"
    },
    {
      "countryNo": "157",
      "countryCode": "PRI",
      "countryName": "Puerto Rico"
    },
    {
      "countryNo": "158",
      "countryCode": "PRT",
      "countryName": "Portugal"
    },
    {
      "countryNo": "159",
      "countryCode": "PRY",
      "countryName": "Paraguay"
    },
    {
      "countryNo": "160",
      "countryCode": "PYF",
      "countryName": "French Polynesia"
    },
    {
      "countryNo": "161",
      "countryCode": "QAT",
      "countryName": "Qatar"
    },
    {
      "countryNo": "162",
      "countryCode": "REU",
      "countryName": "Réunion"
    },
    {
      "countryNo": "163",
      "countryCode": "ROU",
      "countryName": "Romania"
    },
    {
      "countryNo": "164",
      "countryCode": "RUS",
      "countryName": "Russian Federation"
    },
    {
      "countryNo": "165",
      "countryCode": "RWA",
      "countryName": "Rwanda"
    },
    {
      "countryNo": "166",
      "countryCode": "SAU",
      "countryName": "Saudi Arabia"
    },
    {
      "countryNo": "167",
      "countryCode": "SEN",
      "countryName": "Senegal"
    },
    {
      "countryNo": "168",
      "countryCode": "SGP",
      "countryName": "Singapore"
    },
    {
      "countryNo": "169",
      "countryCode": "SLB",
      "countryName": "Solomon Islands"
    },
    {
      "countryNo": "170",
      "countryCode": "SLE",
      "countryName": "Sierra Leone"
    },
    {
      "countryNo": "171",
      "countryCode": "SLV",
      "countryName": "El Salvador"
    },
    {
      "countryNo": "172",
      "countryCode": "SMR",
      "countryName": "San Marino"
    },
    {
      "countryNo": "173",
      "countryCode": "SRB",
      "countryName": "Serbia"
    },
    {
      "countryNo": "174",
      "countryCode": "SUR",
      "countryName": "Suriname"
    },
    {
      "countryNo": "175",
      "countryCode": "SVK",
      "countryName": "Slovakia"
    },
    {
      "countryNo": "176",
      "countryCode": "SVN",
      "countryName": "Slovenia"
    },
    {
      "countryNo": "177",
      "countryCode": "SWE",
      "countryName": "Sweden"
    },
    {
      "countryNo": "178",
      "countryCode": "SWZ",
      "countryName": "Eswatini"
    },
    {
      "countryNo": "179",
      "countryCode": "SYC",
      "countryName": "Seychelles"
    },
    {
      "countryNo": "180",
      "countryCode": "TCA",
      "countryName": "Turks and Caicos Islands"
    },
    {
      "countryNo": "181",
      "countryCode": "TCD",
      "countryName": "Chad"
    },
    {
      "countryNo": "182",
      "countryCode": "TGO",
      "countryName": "Togo"
    },
    {
      "countryNo": "183",
      "countryCode": "THA",
      "countryName": "Thailand"
    },
    {
      "countryNo": "184",
      "countryCode": "TJK",
      "countryName": "Tajikistan"
    },
    {
      "countryNo": "185",
      "countryCode": "TKM",
      "countryName": "Turkmenistan"
    },
    {
      "countryNo": "186",
      "countryCode": "TLS",
      "countryName": "Timor-Leste"
    },
    {
      "countryNo": "187",
      "countryCode": "TON",
      "countryName": "Tonga"
    },
    {
      "countryNo": "188",
      "countryCode": "TTO",
      "countryName": "Trinidad and Tobago"
    },
    {
      "countryNo": "189",
      "countryCode": "TUN",
      "countryName": "Tunisia"
    },
    {
      "countryNo": "190",
      "countryCode": "TUR",
      "countryName": "Turkey"
    },
    {
      "countryNo": "191",
      "countryCode": "TUV",
      "countryName": "Tuvalu"
    },
    {
      "countryNo": "192",
      "countryCode": "TWN",
      "countryName": "Taiwan, Province of China"
    },
    {
      "countryNo": "193",
      "countryCode": "TZA",
      "countryName": "Tanzania, United Republic of"
    },
    {
      "countryNo": "194",
      "countryCode": "UGA",
      "countryName": "Uganda"
    },
    {
      "countryNo": "195",
      "countryCode": "UKR",
      "countryName": "Ukraine"
    },
    {
      "countryNo": "196",
      "countryCode": "URY",
      "countryName": "Uruguay"
    },
    {
      "countryNo": "197",
      "countryCode": "USA",
      "countryName": "United States"
    },
    {
      "countryNo": "198",
      "countryCode": "UZB",
      "countryName": "Uzbekistan"
    },
    {
      "countryNo": "199",
      "countryCode": "VCT",
      "countryName": "Saint Vincent and the Grenadines"
    },
    {
      "countryNo": "200",
      "countryCode": "VEN",
      "countryName": "Venezuela, Bolivarian Republic of"
    },
    {
      "countryNo": "201",
      "countryCode": "VGB",
      "countryName": "Virgin Islands, British"
    },
    {
      "countryNo": "202",
      "countryCode": "VIR",
      "countryName": "Virgin Islands, U.S."
    },
    {
      "countryNo": "203",
      "countryCode": "VNM",
      "countryName": "Viet Nam"
    },
    {
      "countryNo": "204",
      "countryCode": "VUT",
      "countryName": "Vanuatu"
    },
    {
      "countryNo": "205",
      "countryCode": "WSM",
      "countryName": "Samoa"
    },
    {
      "countryNo": "206",
      "countryCode": "YEM",
      "countryName": "Yemen"
    },
    {
      "countryNo": "207",
      "countryCode": "ZAF",
      "countryName": "South Africa"
    },
    {
      "countryNo": "208",
      "countryCode": "ZMB",
      "countryName": "Zambia"
    },
    {
      "countryNo": "209",
      "countryCode": "ZWE",
      "countryName": "Zimbabwe"
    }
  ]